Roll,Name,Email
2001EE15,Saundra Lehr,slehr69@lulu.com
2001EE16,Daisi Beardsley,dbeardsley6a@soundcloud.com
2001EE17,Patten Gunderson,pgunderson6b@weebly.com
2001EE18,Parrnell D'Antuoni,pdantuoni6c@cmu.edu
2001EE19,Cully Witheridge,cwitheridge6d@spiegel.de
2001EE20,Rhona Clears,rclears6e@sakura.ne.jp
2001EE21,Jillana Pothergill,jpothergill6f@paypal.com
2001ME15,Candis Mossom,cmossom8k@wsj.com
2001ME16,Lyndsey Peddar,lpeddar8l@google.fr
2001ME17,Hercule Pywell,hpywell8m@ucsd.edu
2001ME18,Dolorita Cullinane,dcullinane8n@admin.ch
2001ME19,Orel Scorthorne,oscorthorne8o@artisteer.com
2001ME20,Geri Howison,ghowison8p@w3.org
2001ME21,Teddie Gillow,tgillow8q@purevolume.com
2001CS15,Desirae Shipman,dshipman40@ft.com
2001CS16,Laure Kenna,lkenna41@ucoz.ru
2001CS17,Jerrie Allred,jallred42@taobao.com
2001CS18,Ricky Pikhno,rpikhno43@gov.uk
2001CS19,Vonnie Stoney,vstoney44@meetup.com
2001CS20,Shellie Fiander,sfiander45@yahoo.com
2001CS21,Eleni Orsman,eorsman46@howstuffworks.com
2001CE12,Reiko Degg,rdegg23@vinaora.com
2001CE13,Beret Pratley,bpratley24@angelfire.com
2001CE14,Olav Aaron,oaaron25@com.com
2001CE15,Storm Mays,smays26@pbs.org
2001CE16,Corby Trustram,ctrustram27@dot.gov
2001CB12,Kirstyn Antognelli,kantognellib@123-reg.co.uk
2001CB13,Aleksandr Edelmann,aedelmannc@arizona.edu
2001CB14,Giovanna Dougliss,gdouglissd@woothemes.com
2001CB15,Diann Ker,dkere@ycombinator.com
2001CB16,Ellsworth Burfoot,eburfootf@umich.edu
2001CB17,Catlee ffrench Beytagh,cffrenchg@joomla.org
2001MM07,Carroll Benkhe,cbenkhean@kickstarter.com
2001MM08,Roseline Appleby,rapplebyao@cmu.edu
2001MM09,Ashlin Scamaden,ascamadenap@bluehost.com
